link,title
/nby/npo/4872528007.html,Be a Paid Caregiver in Your Own Home
/eby/npo/4872527743.html,Be a Paid Caregiver in Your Own Home
/scz/npo/4871971325.html,Substitute Community Support Facilitator - Santa Cruz
/eby/npo/4871904987.html,Organize for change with the best!
/scz/npo/4871657302.html,☮ Full-Time ACTIVIST Jobs to Reform Food Industry☮ $400-600/week
/eby/npo/4871484376.html,Development Coordinator
/sfc/npo/4871149073.html,RESIDENTIAL YOUTH COUNSELOR
/eby/npo/4871069000.html,Inventory &amp; Distribution Associate
/sby/npo/4871068038.html,HUMAN RESOURCES MANAGER
/sfc/npo/4871063062.html,✪✪ TAKE ACTION AGAINST GLOBAL WARMING! CAMPAIGN JOBS $11-16/HR
/eby/npo/4870984343.html,IT Technology Assistant
/nby/npo/4870958144.html,F.T. COUNSELOR POSITIONS
/sfc/npo/4870919498.html,Social Service Staffing and Recruiting
/sby/npo/4870908388.html,Field Site Supervisor
/sby/npo/4870898537.html,Bilingual Family Partner
/eby/npo/4870895963.html,Therapeutic Behavioral Services (TBS) Clinician
/eby/npo/4870891404.html,Wraparound Clinician: Community-Based Program Supporting Youth!
/sby/npo/4870889522.html,Wraparound Clinician: Community-Based Program Supporting Youth!
/sby/npo/4870886618.html,Classroom Counselor
/sfc/npo/4870884709.html,Director- Adult Day Services (Bilingual in English &amp; Chinese)
/eby/npo/4870883313.html,Classroom Counselor
/eby/npo/4870882915.html,Development Manager - Lung Association
/nby/npo/4870875407.html,COUNSELING - Residential Counselor
/sfc/npo/4870873841.html,Deputy Director
/sby/npo/4870873534.html,TEMPORARY Peer Partner I -- TAY Inn (Full Time)
/nby/npo/4870866515.html,Substance Abuse Counselor - Methadone Program
/sby/npo/4870861225.html,Peer Partner II -- TAY Inn
/eby/npo/4870850206.html,SUPPORT COUNSELOR II
/eby/npo/4870848747.html,Intervention Specialist (part-time)
/sfc/npo/4870843612.html,Annual Fund Manager - Development
/sfc/npo/4870840565.html,Toddler Program Teacher - Kids' Club
/eby/npo/4870840446.html,EMPLOYMENT COORDINATOR
/sfc/npo/4870839761.html,HDM (Home-Delivered Meals) Dispatch Manager
/pen/npo/4870832727.html,PT SOCIAL WORKER (20 HOURS A WEEK)
/sfc/npo/4870824245.html,Controller
/sfc/npo/4870822225.html,"HOW FAR CAN YOUR PASSION TAKE YOU? *TRAINING, TRAVEL, BENEFITS*"
/sfc/npo/4870812153.html,Case Manager (Bilingual in English &amp; Cantonese)
/sfc/npo/4870808250.html,Residential Counselor
/eby/npo/4870801927.html,EMPLOYMENT COORDINATOR
/eby/npo/4870796108.html,PEER COUNSELOR/FAMILY PARTNER
/sfc/npo/4870763504.html,"Coordinator, Campaign"
/sby/npo/4870759741.html,Case Manager/Job Coach --Youth Work Experience Program
/eby/npo/4870756145.html,Housing Services Specialist
/nby/npo/4870747616.html,Youth Counselor
/sfc/npo/4870745254.html,Mental Health Rehabilitation Specialist
/scz/npo/4870721881.html,Community Relations Coordinator
/sfc/npo/4870717177.html,Research Internship with HIV Care Council
/eby/npo/4870701179.html,Program Supervisor - Intellectually Disabled Adults
/sfc/npo/4870697933.html,Licensed Clinical Social Worker
/sfc/npo/4870691468.html,Loso House - Full time Counselors
/eby/npo/4870689357.html,PERSONAL SERVICES COORDINATOR - $22.50-30.00/hour
/eby/npo/4870688804.html,Transgender Program Supervisor
/sfc/npo/4870683438.html,HealthRIGHT 360: Clinic Nurse Manager
/eby/npo/4870683424.html,"ADMINISTRATIVE ASSISTANT (HR, IT AND FACILITIES)"
/sby/npo/4870678777.html,Substitute Community Support Facilitator
/pen/npo/4870664801.html,Operations Manager
/sfc/npo/4870656972.html,Sr. Building Associate (full-time)
/eby/npo/4870655306.html,SUPPORTING PEOPLE WITH DEVELOPMENTAL DISABILITIES
/sfc/npo/4870645614.html,Veterinary Programs Manager
/sfc/npo/4870641046.html,Project Manager for California
/eby/npo/4870591958.html,Resident Support Manager
/eby/npo/4870581455.html,Facilities Manager
/eby/npo/4870574740.html,Youth Advocate- Alameda County
/nby/npo/4870574686.html,COUNSELOR...A New Direction Makes A Difference
/pen/npo/4870545729.html,Au Pair Agency looking for Community Representatives
/sfc/npo/4870544634.html,Grants Associate -- Team Lead for Process and Systems Management
/sby/npo/4870534075.html,Job Coach (San Jose)
/nby/npo/4870471402.html,ADMINISTRATIVE ASSISTANT (Napa)
/eby/npo/4870465222.html,ON CALL Supported Living Direct Support
/eby/npo/4870464003.html,Make a Difference as a Community Living Assistant
/eby/npo/4870462443.html,Supported Living Tri-Valley...You Will Love This Work
/sfc/npo/4870444171.html,Resident Manager
/sfc/npo/4870441459.html,Community Cares Associate @ San Francisco SPCA
/sfc/npo/4870438953.html,Teaching Positions For Professionals and Recent Graduates (nationwide)
/eby/npo/4870419745.html,Instructors for Adults with disabilities (Concord)
/pen/npo/4870412499.html,Full Time Residential Counselor for Level 4B Home
/eby/npo/4870408540.html,Adoption Social Worker - Private Adoption Agency
/nby/npo/4870407571.html,Bilingual Case Manager
/pen/npo/4870401736.html,Part Time &amp; On Call Residential Counselors Wanted
/pen/npo/4870389541.html,Paid Research at Stanford on Depression
/nby/npo/4870383025.html,Substance Abuse Counselor
/sby/npo/4870375332.html,"Be a Camp Director with Top Non-profit! Science, Art, Tech, Makers"
/pen/npo/4870364262.html,"Be a Camp Director with Top Non-profit! Science, Art, Tech, Makers"
/sfc/npo/4870363203.html,Receptionist/Administrative Assistant - Full Time
/nby/npo/4870362187.html,Senior Financial Officer
/nby/npo/4870360942.html,Part Time Gallery Manager
/sfc/npo/4870356702.html,"Be a Camp Director with Top Non-profit! Science, Art, Tech, Makers"
/nby/npo/4870354212.html,Part Time Counselors and Licensed Clinicians
/nby/npo/4870353066.html,Parenting Educator/Family Advocate
/nby/npo/4870348232.html,Administrative Assistant
/eby/npo/4870345203.html,Instructor
/eby/npo/4870341036.html,Defend LGBTQ students! Join HRC's ANTI-HARASSMENT movement!($11-16/hr)
/eby/npo/4870337853.html,Project SEARCH Now Hiring Job Coaches!
/eby/npo/4870336132.html,Is Your Passion In Social Services? Join Our Team!
/nby/npo/4870311775.html,Boys &amp; Girls Clubs Program Coordinator
/scz/npo/4870299788.html,Full Time Positions Available in Santa Cruz - LGBTQ Equality Campaign
/eby/npo/4870294482.html,BUILD YOUR RESUME ▲PAID POSITIONS FOR WOMEN'S RIGHTS▲ $1600-$2500/mo
/sfc/npo/4870228814.html,SUMMER JOBS for Protecting the ENVIRONMENT! Deadline to Apply Feb. 6th
/nby/npo/4870201408.html,LMFT/LCSW Addiction Specialist--PART-TIME
/sfc/npo/4870190253.html,Bookkeeper
